<?xml version="1.0" encoding="UTF-8"?>
<VisitCards xmlns:xsi="http://www.w3.org/2001/XMLSchema-instance" xsi:noNamespaceSchemaLocation="carte_visite.xsd">
	<VisitCard>
		<Name>
			<Firstname>François</Firstname>
			<Lastname>Jimenez</Lastname>
		</Name>
		<Address>
			<Street>Chemin Faucigny</Street>
			<Number>2</Number>
			<Location country="CH" npa="1700"> Fribourg </Location>
		</Address>
		<Email>francois.jimenez@unifr.ch</Email>
		<Homepage>www.francoisjimenez.com</Homepage>
		<Phone type="business">026 / 300.83. 58</Phone>
		<Fax type="business">026 / 300 83 59</Fax>
	</VisitCard>
</VisitCards>
